avg_rev_promo,avg_rev_non_promo,pct_lift
60191.214916666664,52239.39540485827,0.1522188273846079
