avg_rev_holiday,avg_rev_non_holiday,pct_lift
64524.85880952381,54251.60236994219,0.18936318911887962
