channel,days_observed,avg_spend,stddev_spend,coeff_var
tv,730,2191.4190410958913,290.8557222840249,0.1327248311845337
email,730,547.8035068493156,71.28121016169598,0.13012185805758875
paid_search,730,3306.985575342465,427.970200676988,0.12941399075581642
display,730,1642.4419452054804,212.53380199370858,0.12940110462602633
affiliate,730,1100.1292054794521,141.99129214079417,0.12906783260872737
paid_social,730,2752.58419178082,353.8623924588075,0.12855642836118725
