channel,current_spend,recommended_spend
paid_search,70960756.96000062,63864681.26400056
paid_social,59068977.9100023,53162080.11900207
display,35248565.28999902,44085529.2480152
tv,47024161.16000028,42321745.04400025
affiliate,23609589.489999384,29528613.134512886
email,11764469.049999565,14713871.050470203
