channel,total_spend,total_revenue
display,1206813.1200000006,40252152.90999998
affiliate,807969.9,40252152.90999998
paid_social,2021953.6199999987,40252152.90999998
email,402459.4400000004,40252152.90999998
paid_search,2429204.319999999,40252152.90999998
tv,1609747.8900000006,40252152.90999998
