avg_seasonality_index,avg_revenue,pearson_corr
1.0016294277929159,54839.44538147136,0.8984243774515981
