quarter,avg_seasonality_index,quarter_spend,quarter_revenue,quarter_roas
1,1.196328205128206,2442378.0600000005,12659296.010000013,5.183184461622624
2,1.1923571428571424,2323905.92,11683486.110000007,5.027521127017056
3,0.8097336956521736,1901810.1000000006,8277282.1800000025,4.352317920700916
4,0.8083093922651935,1915960.1299999997,8229334.75,4.295149268059143
