avg_rev_weekend,avg_rev_weekday,pct_lift
58809.040845070434,53216.55894433777,0.1050891303697814
