channel,total_revenue_30d
tv,1175637628.7199898
paid_social,1175637628.7199898
affiliate,1175637628.7199898
display,1175637628.7199898
email,1175637628.7199898
paid_search,1175637628.7199898
