channel,observations,total_spend,avg_spend,median_spend,sd_spend,min_spend,max_spend
paid_search,730,2414099.4699999993,3306.985575342465,3312.7799999999997,427.970200676988,2337.17,4220.13
paid_social,730,2009386.4599999988,2752.58419178082,2765.925,353.8623924588075,1956.93,3556.52
tv,730,1599735.9000000006,2191.4190410958913,2194.4049999999997,290.8557222840249,1566.57,2843.52
display,730,1198982.6200000006,1642.4419452054804,1636.585,212.53380199370858,1166.37,2133.48
affiliate,730,803094.3200000001,1100.1292054794521,1102.1100000000001,141.99129214079417,779.32,1410.81
email,730,399896.5600000004,547.8035068493156,544.515,71.28121016169598,391.01,712.11
