channel,total_spend,total_rev_7d,roas_7d,total_rev_14d,roas_14d,total_rev_30d,roas_30d
affiliate,803094.32,116829863289.65,145474.64772213803,116828145600.38019,145472.50888336528,116625792413.80005,145220.54198291435
display,1198982.62,116829863289.64996,97440.83136889002,116828145600.3802,97439.39874656414,116625792413.80003,97270.62800443264
email,399896.56,116829863289.65,292150.2082679831,116828145600.3802,292145.91293403524,116625792413.80003,291639.89911241055
paid_search,2414099.47,116829863289.64998,48394.800935708736,116828145600.38019,48394.089411891626,116625792413.80002,48310.2680163382
paid_social,2009386.46,116829863289.64998,58142.0575958544,116828145600.38017,58141.20276314601,116625792413.80002,58040.49879673222
tv,1599735.9000000004,116829863289.65,73030.71918911739,116828145600.3802,73029.6454560907,116625792413.80006,72903.15383545498
