channel,pearson_corr,days
paid_social,0.7679642291963845,734
email,0.7569531181243928,734
paid_search,0.7534376357365332,734
display,0.7507337056324225,734
affiliate,0.7460176333611602,734
tv,0.738489761919485,734
