channel,total_spend,total_revenue_30d,roas_30d
email,11764469.049999565,1175637628.7199898,99.93121013141118
affiliate,23609589.489999384,1175637628.7199898,49.79492037411195
display,35248565.28999902,1175637628.7199898,33.3527795825934
tv,47024161.16000028,1175637628.7199898,25.00071452034771
paid_social,59068977.9100023,1175637628.7199898,19.902792807947268
paid_search,70960756.96000062,1175637628.7199898,16.567433594073368
