dow,dow_name,avg_spend,avg_revenue,avg_roas
0,Sunday,11674.727339449546,59854.78440366973,5.126867862807992
1,Monday,11545.45419047619,53279.28571428572,4.614741424225271
2,Tuesday,11522.97432692308,52662.78125,4.570242001403666
3,Wednesday,11516.95644230769,53719.65894230771,4.664397161820274
4,Thursday,11509.460576923073,52942.69999999999,4.599928871223749
5,Friday,11535.222403846154,53477.76567307694,4.6360411443169065
6,Saturday,11543.562403846152,57713.02115384616,4.9995849751387835
